{
    "1": 6.055185346629626,
    "2": 3.663732418973029,
    "3": 2.6773232496467987,
    "6": 1.2921796431572696,
    "9": 0.8076899384739915
}