{
    "musicgen_scratch": 5.833459615505499,
    "musicgen_small": 3.8448979381264863
}